INSERT INTO Students (studentID, studentName, password) VALUES(1, 'Alexander Mendoza', 'removedhere');
INSERT INTO Students (studentID, studentName, password) VALUES(2, 'Elizabeth Lopez', '000000');
INSERT INTO Students (studentID, studentName, password) VALUES(3, 'Noah Gould', '123456789');
INSERT INTO Students (studentID, studentName, password) VALUES(4, 'Chloe Singh', 'admin');
INSERT INTO Students (studentID, studentName, password) VALUES(5, 'Madison Lopez', 'hunter2');
INSERT INTO Students (studentID, studentName, password) VALUES(6, 'William Gould', '12345678');
INSERT INTO Students (studentID, studentName, password) VALUES(7, 'Ella Lopez', 'root');
INSERT INTO Students (studentID, studentName, password) VALUES(8, 'Joshua Hirose', '*******');
INSERT INTO Students (studentID, studentName, password) VALUES(9, 'Alan Tsao', 'password');
INSERT INTO Students (studentID, studentName, password) VALUES(10, 'Sophia Holst', 'dogname');
INSERT INTO Students (studentID, studentName, password) VALUES(11, 'Kelly Perez', 'lanciastratos');
INSERT INTO Students (studentID, studentName, password) VALUES(12, 'Liam Hall', 'qwerty123');
INSERT INTO Students (studentID, studentName, password) VALUES(13, 'Benjamin Scott', 'catname');
INSERT INTO Students (studentID, studentName, password) VALUES(14, 'Aiden Williams', 'audiquattrogrb');
INSERT INTO Students (studentID, studentName, password) VALUES(15, 'Mick Watson', '0xdeadbeef');
INSERT INTO Students (studentID, studentName, password) VALUES(16, 'Elizabeth Evans', 'racecar');
INSERT INTO Students (studentID, studentName, password) VALUES(17, 'Ava Scott', 'leetcode');
INSERT INTO Students (studentID, studentName, password) VALUES(18, 'Olivia Einstein', 'ssladded');
INSERT INTO Students (studentID, studentName, password) VALUES(19, 'Amirezza Hall', 'abc123');
INSERT INTO Students (studentID, studentName, password) VALUES(20, 'Arian Lin', '123456');
INSERT INTO Professors (professorID, professorName, password) VALUES(21, 'Harun Harris', '123456789');
INSERT INTO Professors (professorID, professorName, password) VALUES(22, 'Tiana Evans', 'leetcode');
INSERT INTO Professors (professorID, professorName, password) VALUES(23, 'Benjamin Shakrovsky', '0xdeadbeef');
INSERT INTO Professors (professorID, professorName, password) VALUES(24, 'Monica Hall', '000000');
INSERT INTO Professors (professorID, professorName, password) VALUES(25, 'Elizabeth Taylor', 'lanciastratos');
INSERT INTO Professors (professorID, professorName, password) VALUES(26, 'Monica Watson', '123456789');
INSERT INTO Professors (professorID, professorName, password) VALUES(27, 'Arian Bacon', 'lanciastratos');
INSERT INTO Professors (professorID, professorName, password) VALUES(28, 'Olivia Nguyen', 'ssladded');
INSERT INTO Professors (professorID, professorName, password) VALUES(29, 'Emma Holst', '000000');
INSERT INTO Professors (professorID, professorName, password) VALUES(30, 'Emma Cook', 'qwerty123');
INSERT INTO Professors (professorID, professorName, password) VALUES(31, 'William Watson', 'admin');
INSERT INTO Professors (professorID, professorName, password) VALUES(32, 'Joshua Le', 'password');
INSERT INTO Professors (professorID, professorName, password) VALUES(33, 'Elijah Hall', 'catname');
INSERT INTO Professors (professorID, professorName, password) VALUES(34, 'Pranav Truong', 'dogname');
INSERT INTO Professors (professorID, professorName, password) VALUES(35, 'Mia Tran', 'dogname');
INSERT INTO Professors (professorID, professorName, password) VALUES(36, 'Amirezza Park', 'root');
INSERT INTO Professors (professorID, professorName, password) VALUES(37, 'Joshua Gould', 'qwerty123');
INSERT INTO Professors (professorID, professorName, password) VALUES(38, 'Benjamin Mendoza', '0xdeadbeef');
INSERT INTO Professors (professorID, professorName, password) VALUES(39, 'Charlotte Lopez', 'racecar');
INSERT INTO Professors (professorID, professorName, password) VALUES(40, 'Alan Tran', '123456');
INSERT INTO Courses (courseID, courseName, credits, professorID, semester) VALUES(1, 'CHEM-286', 3, 25, 'SP13');
INSERT INTO Courses (courseID, courseName, credits, professorID, semester) VALUES(2, 'ENGL-141', 1, 34, 'FA16');
INSERT INTO Courses (courseID, courseName, credits, professorID, semester) VALUES(3, 'KIN-43', 4, 31, 'SP13');
INSERT INTO Courses (courseID, courseName, credits, professorID, semester) VALUES(4, 'PHYS-63', 2, 33, 'SP20');
INSERT INTO Courses (courseID, courseName, credits, professorID, semester) VALUES(5, 'CMPE-93', 1, 29, 'FA15');
INSERT INTO Courses (courseID, courseName, credits, professorID, semester) VALUES(6, 'CMPE-142', 3, 33, 'SM16');
INSERT INTO Courses (courseID, courseName, credits, professorID, semester) VALUES(7, 'EE-189', 2, 31, 'FA14');
INSERT INTO Courses (courseID, courseName, credits, professorID, semester) VALUES(8, 'KIN-227', 1, 34, 'WN21');
INSERT INTO Courses (courseID, courseName, credits, professorID, semester) VALUES(9, 'ENGL-285', 2, 36, 'WN11');
INSERT INTO Courses (courseID, courseName, credits, professorID, semester) VALUES(10, 'GEOL-49', 2, 32, 'SP20');
INSERT INTO Courses (courseID, courseName, credits, professorID, semester) VALUES(11, 'ART-66', 1, 38, 'SP24');
INSERT INTO Courses (courseID, courseName, credits, professorID, semester) VALUES(12, 'MUSC-163', 0, 25, 'SM22');
INSERT INTO Courses (courseID, courseName, credits, professorID, semester) VALUES(13, 'CS-71', 2, 33, 'SM19');
INSERT INTO Courses (courseID, courseName, credits, professorID, semester) VALUES(14, 'HIST-270', 1, 24, 'FA12');
INSERT INTO Courses (courseID, courseName, credits, professorID, semester) VALUES(15, 'PHYS-185', 2, 36, 'SM19');
INSERT INTO Courses (courseID, courseName, credits, professorID, semester) VALUES(16, 'BIOL-287', 1, 22, 'SP17');
INSERT INTO Courses (courseID, courseName, credits, professorID, semester) VALUES(17, 'CHEM-86', 2, 31, 'FA13');
INSERT INTO Courses (courseID, courseName, credits, professorID, semester) VALUES(18, 'MATH-286', 4, 27, 'SP24');
INSERT INTO Courses (courseID, courseName, credits, professorID, semester) VALUES(19, 'ENGL-120', 1, 36, 'WN19');
INSERT INTO Courses (courseID, courseName, credits, professorID, semester) VALUES(20, 'EE-262', 2, 30, 'FA15');
INSERT INTO Enrollments (studentID, courseID, grade) VALUES(1, 7, 55.59338866376944);
INSERT INTO Enrollments (studentID, courseID, grade) VALUES(18, 4, 80.27304295256984);
INSERT INTO Enrollments (studentID, courseID, grade) VALUES(11, 20, 32.02876114421373);
INSERT INTO Enrollments (studentID, courseID, grade) VALUES(14, 3, 60.47783956564478);
INSERT INTO Enrollments (studentID, courseID, grade) VALUES(9, 19, 54.244546898450906);
INSERT INTO Enrollments (studentID, courseID, grade) VALUES(11, 4, 84.20382891861009);
INSERT INTO Enrollments (studentID, courseID, grade) VALUES(11, 12, 74.64262991219837);
INSERT INTO Enrollments (studentID, courseID, grade) VALUES(6, 4, 45.460264552362695);
INSERT INTO Enrollments (studentID, courseID, grade) VALUES(15, 10, 16.05931932653175);
INSERT INTO Enrollments (studentID, courseID, grade) VALUES(4, 7, 98.78740610343756);
INSERT INTO Enrollments (studentID, courseID, grade) VALUES(11, 11, 63.72888141390134);
INSERT INTO Enrollments (studentID, courseID, grade) VALUES(11, 17, 62.17723335033875);
INSERT INTO Enrollments (studentID, courseID, grade) VALUES(17, 9, 20.91939870548478);
INSERT INTO Enrollments (studentID, courseID, grade) VALUES(3, 20, 89.02081654034279);
INSERT INTO Enrollments (studentID, courseID, grade) VALUES(16, 2, 41.41544163966674);
INSERT INTO Enrollments (studentID, courseID, grade) VALUES(11, 15, 35.3915657790396);
INSERT INTO Enrollments (studentID, courseID, grade) VALUES(2, 16, 25.947737512920632);
INSERT INTO Enrollments (studentID, courseID, grade) VALUES(7, 11, 80.71181448219819);
INSERT INTO Enrollments (studentID, courseID, grade) VALUES(18, 6, 84.22085396528118);
INSERT INTO Enrollments (studentID, courseID, grade) VALUES(4, 20, 82.21352510879883);
INSERT INTO Enrollments (studentID, courseID, grade) VALUES(13, 1, 19.365684517728177);
INSERT INTO Enrollments (studentID, courseID, grade) VALUES(10, 15, 56.592171232140046);
INSERT INTO Enrollments (studentID, courseID, grade) VALUES(14, 15, 87.44426458070672);
INSERT INTO Enrollments (studentID, courseID, grade) VALUES(7, 14, 85.86609167617483);
INSERT INTO Enrollments (studentID, courseID, grade) VALUES(4, 15, 21.0603277449242);
INSERT INTO Enrollments (studentID, courseID, grade) VALUES(6, 2, 38.69196703733814);
INSERT INTO Enrollments (studentID, courseID, grade) VALUES(4, 5, 83.17965257776315);
INSERT INTO Enrollments (studentID, courseID, grade) VALUES(20, 16, 83.25028459847353);
INSERT INTO Enrollments (studentID, courseID, grade) VALUES(1, 2, 34.94016516130871);
INSERT INTO Enrollments (studentID, courseID, grade) VALUES(10, 12, 43.30297581986278);
INSERT INTO Enrollments (studentID, courseID, grade) VALUES(5, 2, 59.53246495314023);
INSERT INTO Enrollments (studentID, courseID, grade) VALUES(18, 17, 15.138671820381056);
INSERT INTO Enrollments (studentID, courseID, grade) VALUES(19, 1, 83.15722776178372);
INSERT INTO Enrollments (studentID, courseID, grade) VALUES(17, 10, 19.859315946413002);
INSERT INTO Enrollments (studentID, courseID, grade) VALUES(13, 2, 73.61677096204883);
INSERT INTO Enrollments (studentID, courseID, grade) VALUES(1, 1, 12.825159924348162);
INSERT INTO Enrollments (studentID, courseID, grade) VALUES(9, 2, 77.27378606918705);
INSERT INTO Enrollments (studentID, courseID, grade) VALUES(10, 8, 10.063427362373966);
INSERT INTO Enrollments (studentID, courseID, grade) VALUES(9, 17, 75.91105659081464);
INSERT INTO Enrollments (studentID, courseID, grade) VALUES(17, 10, 20.059224054238967);
INSERT INTO Enrollments (studentID, courseID, grade) VALUES(16, 14, 6.451768452789242);
INSERT INTO Enrollments (studentID, courseID, grade) VALUES(1, 18, 88.58556989865146);
INSERT INTO Enrollments (studentID, courseID, grade) VALUES(5, 7, 88.5507758188976);
INSERT INTO Enrollments (studentID, courseID, grade) VALUES(11, 20, 74.09267608940844);
INSERT INTO Enrollments (studentID, courseID, grade) VALUES(8, 11, 47.74298875069204);
INSERT INTO Enrollments (studentID, courseID, grade) VALUES(3, 13, 71.66490978227367);
INSERT INTO Enrollments (studentID, courseID, grade) VALUES(6, 6, 5.135812966253361);
INSERT INTO Enrollments (studentID, courseID, grade) VALUES(15, 3, 94.66711726261808);
INSERT INTO Enrollments (studentID, courseID, grade) VALUES(15, 16, 28.558358539934815);
INSERT INTO Enrollments (studentID, courseID, grade) VALUES(10, 18, 4.9403437106666725);
INSERT INTO Enrollments (studentID, courseID, grade) VALUES(12, 2, 4.630946719487794);
INSERT INTO Enrollments (studentID, courseID, grade) VALUES(6, 20, 54.770166653431474);
INSERT INTO Enrollments (studentID, courseID, grade) VALUES(12, 18, 96.39414801193449);
INSERT INTO Enrollments (studentID, courseID, grade) VALUES(19, 5, 66.8392042615741);
INSERT INTO Enrollments (studentID, courseID, grade) VALUES(4, 18, 96.9374693876629);
INSERT INTO Enrollments (studentID, courseID, grade) VALUES(5, 8, 31.988651238576583);
INSERT INTO Enrollments (studentID, courseID, grade) VALUES(20, 17, 75.89348048282002);
INSERT INTO Enrollments (studentID, courseID, grade) VALUES(10, 11, 48.851922237779);
INSERT INTO Enrollments (studentID, courseID, grade) VALUES(13, 1, 42.71406315707598);
INSERT INTO Enrollments (studentID, courseID, grade) VALUES(3, 18, 64.28680944283933);
INSERT INTO Enrollments (studentID, courseID, grade) VALUES(3, 7, 18.32113567215803);
INSERT INTO Enrollments (studentID, courseID, grade) VALUES(6, 16, 99.0208232462117);
INSERT INTO Enrollments (studentID, courseID, grade) VALUES(18, 1, 15.025080190347706);
INSERT INTO Enrollments (studentID, courseID, grade) VALUES(2, 19, 59.03767971587188);
INSERT INTO Enrollments (studentID, courseID, grade) VALUES(11, 19, 73.52981921248227);
INSERT INTO Enrollments (studentID, courseID, grade) VALUES(7, 4, 39.97115124693673);
INSERT INTO Enrollments (studentID, courseID, grade) VALUES(2, 20, 95.39432014350278);
INSERT INTO Enrollments (studentID, courseID, grade) VALUES(17, 16, 29.13580579969285);
INSERT INTO Enrollments (studentID, courseID, grade) VALUES(11, 17, 39.4960115210848);
INSERT INTO Enrollments (studentID, courseID, grade) VALUES(10, 12, 97.81245390329293);
INSERT INTO Enrollments (studentID, courseID, grade) VALUES(10, 11, 21.842481003642533);
INSERT INTO Enrollments (studentID, courseID, grade) VALUES(3, 18, 55.01933409977302);
INSERT INTO Enrollments (studentID, courseID, grade) VALUES(20, 4, 69.50351251828822);
INSERT INTO Enrollments (studentID, courseID, grade) VALUES(1, 5, 3.238454506177091);
INSERT INTO Enrollments (studentID, courseID, grade) VALUES(1, 1, 31.486346273513167);
INSERT INTO Enrollments (studentID, courseID, grade) VALUES(9, 12, 96.42968474337383);
INSERT INTO Enrollments (studentID, courseID, grade) VALUES(6, 2, 42.05283183150139);
INSERT INTO Enrollments (studentID, courseID, grade) VALUES(10, 11, 51.15354157845423);
INSERT INTO Enrollments (studentID, courseID, grade) VALUES(2, 15, 65.27788813085913);
INSERT INTO Enrollments (studentID, courseID, grade) VALUES(11, 16, 2.736882913903216);
INSERT INTO Enrollments (studentID, courseID, grade) VALUES(3, 4, 23.574522342827);
INSERT INTO Enrollments (studentID, courseID, grade) VALUES(3, 15, 30.153977835685343);
INSERT INTO Enrollments (studentID, courseID, grade) VALUES(4, 6, 27.461374175781195);
INSERT INTO Enrollments (studentID, courseID, grade) VALUES(6, 5, 95.6587089481559);
INSERT INTO Enrollments (studentID, courseID, grade) VALUES(9, 16, 79.02459554365242);
INSERT INTO Enrollments (studentID, courseID, grade) VALUES(3, 8, 58.191994626884714);
INSERT INTO Enrollments (studentID, courseID, grade) VALUES(16, 14, 17.326617905911768);
INSERT INTO Enrollments (studentID, courseID, grade) VALUES(2, 17, 23.201730688403245);
INSERT INTO Enrollments (studentID, courseID, grade) VALUES(12, 1, 10.44014561125609);
INSERT INTO Enrollments (studentID, courseID, grade) VALUES(17, 12, 85.75085192481336);
INSERT INTO Enrollments (studentID, courseID, grade) VALUES(13, 16, 75.83651194163302);
INSERT INTO Enrollments (studentID, courseID, grade) VALUES(5, 20, 8.652438416018505);
INSERT INTO Enrollments (studentID, courseID, grade) VALUES(5, 16, 28.533300554293884);
INSERT INTO Enrollments (studentID, courseID, grade) VALUES(3, 4, 52.85901583341811);
INSERT INTO Enrollments (studentID, courseID, grade) VALUES(18, 8, 14.706926771679708);
INSERT INTO Enrollments (studentID, courseID, grade) VALUES(5, 18, 43.446510840873756);
INSERT INTO Enrollments (studentID, courseID, grade) VALUES(18, 1, 87.40163106748756);
INSERT INTO Enrollments (studentID, courseID, grade) VALUES(12, 18, 11.271586581044811);
INSERT INTO Enrollments (studentID, courseID, grade) VALUES(9, 11, 20.517156509661717);
INSERT INTO Enrollments (studentID, courseID, grade) VALUES(5, 8, 97.74440043569795);
INSERT INTO Enrollments (studentID, courseID, grade) VALUES(20, 17, 37.433134697321876);
INSERT INTO Enrollments (studentID, courseID, grade) VALUES(14, 17, 48.147055206287334);
INSERT INTO Enrollments (studentID, courseID, grade) VALUES(13, 13, 51.428984746093555);
INSERT INTO Enrollments (studentID, courseID, grade) VALUES(19, 10, 47.54133438991561);
INSERT INTO Enrollments (studentID, courseID, grade) VALUES(7, 1, 76.48393266459499);
INSERT INTO Enrollments (studentID, courseID, grade) VALUES(11, 13, 72.54758523503597);
INSERT INTO Enrollments (studentID, courseID, grade) VALUES(8, 15, 69.09252739954972);
INSERT INTO Enrollments (studentID, courseID, grade) VALUES(14, 5, 42.13987700384636);
INSERT INTO Enrollments (studentID, courseID, grade) VALUES(7, 17, 4.406791730222192);
INSERT INTO Enrollments (studentID, courseID, grade) VALUES(19, 1, 51.09087892913537);
INSERT INTO Enrollments (studentID, courseID, grade) VALUES(17, 5, 73.31697110007475);
INSERT INTO Enrollments (studentID, courseID, grade) VALUES(17, 1, 60.81314458237824);
INSERT INTO Enrollments (studentID, courseID, grade) VALUES(5, 17, 11.008592803918537);
INSERT INTO Enrollments (studentID, courseID, grade) VALUES(19, 15, 4.081789387486867);
INSERT INTO Enrollments (studentID, courseID, grade) VALUES(6, 11, 32.08431855992531);
INSERT INTO Enrollments (studentID, courseID, grade) VALUES(5, 3, 32.48684025567894);
INSERT INTO Enrollments (studentID, courseID, grade) VALUES(5, 2, 52.5149026405858);
INSERT INTO Enrollments (studentID, courseID, grade) VALUES(14, 4, 98.45179097912742);
INSERT INTO Enrollments (studentID, courseID, grade) VALUES(2, 19, 24.484291502269894);
INSERT INTO Enrollments (studentID, courseID, grade) VALUES(10, 7, 17.268200531115752);
INSERT INTO Enrollments (studentID, courseID, grade) VALUES(2, 1, 96.61972785571994);
INSERT INTO Enrollments (studentID, courseID, grade) VALUES(19, 14, 98.83444331208815);
INSERT INTO Enrollments (studentID, courseID, grade) VALUES(11, 16, 39.14848397647172);
INSERT INTO Enrollments (studentID, courseID, grade) VALUES(1, 11, 73.64999641703248);
INSERT INTO Enrollments (studentID, courseID, grade) VALUES(16, 5, 41.19860834972256);
INSERT INTO Enrollments (studentID, courseID, grade) VALUES(4, 16, 63.10495153180976);
INSERT INTO Enrollments (studentID, courseID, grade) VALUES(20, 16, 95.76192333610281);
INSERT INTO Enrollments (studentID, courseID, grade) VALUES(18, 5, 60.21769507865735);
INSERT INTO Enrollments (studentID, courseID, grade) VALUES(4, 12, 36.76317184074198);
INSERT INTO Enrollments (studentID, courseID, grade) VALUES(15, 9, 93.71198422994998);
INSERT INTO Enrollments (studentID, courseID, grade) VALUES(7, 14, 82.23014139407022);
INSERT INTO Enrollments (studentID, courseID, grade) VALUES(3, 15, 45.687952433938186);
INSERT INTO Enrollments (studentID, courseID, grade) VALUES(3, 2, 67.7352447561085);
INSERT INTO Enrollments (studentID, courseID, grade) VALUES(20, 19, 81.12983164079263);
INSERT INTO Enrollments (studentID, courseID, grade) VALUES(11, 8, 25.079886953969698);
INSERT INTO Enrollments (studentID, courseID, grade) VALUES(14, 14, 26.1064822998761);
INSERT INTO Enrollments (studentID, courseID, grade) VALUES(8, 3, 72.61871196250499);
INSERT INTO Enrollments (studentID, courseID, grade) VALUES(20, 9, 0.7590646610355023);
INSERT INTO Enrollments (studentID, courseID, grade) VALUES(2, 17, 35.67161128931221);
INSERT INTO Enrollments (studentID, courseID, grade) VALUES(10, 2, 73.03352241604418);
INSERT INTO Enrollments (studentID, courseID, grade) VALUES(9, 13, 8.147152784654043);
INSERT INTO Enrollments (studentID, courseID, grade) VALUES(18, 16, 49.603795996618175);
INSERT INTO Enrollments (studentID, courseID, grade) VALUES(14, 11, 99.80184063340361);
INSERT INTO Enrollments (studentID, courseID, grade) VALUES(13, 14, 61.54493923057179);
INSERT INTO Enrollments (studentID, courseID, grade) VALUES(18, 6, 87.48547634004336);
INSERT INTO Enrollments (studentID, courseID, grade) VALUES(5, 13, 34.05368385579906);
INSERT INTO Enrollments (studentID, courseID, grade) VALUES(7, 1, 3.2735694866965814);
INSERT INTO Enrollments (studentID, courseID, grade) VALUES(14, 1, 51.877147816855654);
INSERT INTO Enrollments (studentID, courseID, grade) VALUES(20, 13, 47.56361716708315);
INSERT INTO Enrollments (studentID, courseID, grade) VALUES(15, 19, 45.098798118594644);
INSERT INTO Enrollments (studentID, courseID, grade) VALUES(15, 20, 11.012798490150077);
INSERT INTO Enrollments (studentID, courseID, grade) VALUES(20, 10, 23.54395511644566);
INSERT INTO Enrollments (studentID, courseID, grade) VALUES(6, 5, 25.620431472772587);
INSERT INTO Enrollments (studentID, courseID, grade) VALUES(11, 9, 82.30546481487409);
INSERT INTO Enrollments (studentID, courseID, grade) VALUES(12, 1, 42.30932757461569);
INSERT INTO Enrollments (studentID, courseID, grade) VALUES(20, 14, 85.75344252666352);
INSERT INTO Enrollments (studentID, courseID, grade) VALUES(6, 15, 50.03593618859779);
INSERT INTO Enrollments (studentID, courseID, grade) VALUES(18, 1, 12.881227467673584);
INSERT INTO Enrollments (studentID, courseID, grade) VALUES(8, 4, 9.759970603095514);
INSERT INTO Enrollments (studentID, courseID, grade) VALUES(6, 1, 12.953038496711988);